{
  "accuracy": 0.8842,
  "precision": 0.8781416603198782,
  "recall": 0.8990253411306043,
  "f1": 0.8884607975341938,
  "train_secs": 3.11
}